Jurisdiction,,1978,1979,1980,1981,1982,1983,1984,1985,1986,1987,1988,1989,1990,1991,1992,1993,1994,1995,1996,1997,1998,1999,2000,2001,2002,2003,2004,2005,2006,2007,2008,2009,2010,2011,2012,2013,2014,2015,2016,
National Statistics (U.S. Total),,7348,8045,8000,9174,9348,8428,8219,8305,8698,9186,9934,9702,9324,9586,10031,12872,13346,10716,9808,8809,7175,6714,5750,5072,4949,4651,4594,4217,4205,4949,3264,3182,2378,2093,2370,2000,2021,2270,2371,
, Male,6851,7512,7477,8651,8803,7942,7664,7779,8097,8561,9186,8925,8801,9006,9312,11892,12320,9685,8762,7883,6345,5992,5154,4513,4381,4159,4201,3791,3715,4464,2891,2876,2201,1876,2109,1762,1737,1938,1990, 
, Female,497,533,523,523,545,486,555,526,601,625,748,777,523,580,719,980,1026,1031,1046,926,830,722,596,559,568,492,393,426,490,485,373,306,177,217,261,238,284,332,381, 
Federal Institutions,,860,946,741,694,414,376,482,628,487,439,272,0,0,0,0,0,0,0,0,0,0,0,0,0,0,0,0,0,0,0,0,0,0,0,0,0,0,0,0,
, Male,792,871,683,640,392,359,439,578,451,416,260,0,0,0,0,0,0,0,0,0,0,0,0,0,0,0,0,0,0,0,0,0,0,0,0,0,0,0,0, 
, Female,68,75,58,54,22,17,43,50,36,23,12,0,0,0,0,0,0,0,0,0,0,0,0,0,0,0,0,0,0,0,0,0,0,0,0,0,0,0,0, 
State Institutions (Total),,6488,7099,7259,8480,8934,8052,7737,7677,8211,8747,9662,9702,9324,9586,10031,12872,13346,10716,9808,8809,7175,6714,5750,5072,4949,4651,4594,4217,4205,4949,3264,3182,2378,2093,2370,2000,2021,2270,2371,
, Male,6059,6641,6794,8011,8411,7583,7225,7201,7646,8145,8926,8925,8801,9006,9312,11892,12320,9685,8762,7883,6345,5992,5154,4513,4381,4159,4201,3791,3715,4464,2891,2876,2201,1876,2109,1762,1737,1938,1990, 
, Female,429,458,465,469,523,469,512,476,565,602,736,777,523,580,719,980,1026,1031,1046,926,830,722,596,559,568,492,393,426,490,485,373,306,177,217,261,238,284,332,381, 
Alabama,,243,222,8,0,39,41,44,29,281,251,231,240,209,174,208,238,205,194,265,265,217,171,161,161,162,7,113,182,180,186,269,337,370,533,632,640,683,797,879,
, Male,227,214,8,0,38,41,41,29,262,236,212,202,187,137,172,205,178,170,226,236,179,171,138,143,127,7,91,150,140,158,228,277,307,439,536,542,545,670,697, 
, Female,16,8,0,0,1,0,3,0,19,15,19,38,22,37,36,33,27,24,39,29,38,0,23,18,35,0,22,32,40,28,41,60,63,94,96,98,138,127,182, 
Alaska,,3,4,8,10,0,0,9,7,16,9,3,3,0,0,8,4,0,3,41,38,40,31,37,10,10,0,0,0,0,0,0,0,0,0,0,0,0,0,0,
, Male,3,4,8,10,0,0,9,7,16,9,3,3,0,0,8,3,0,2,30,26,35,29,36,8,8,0,0,0,0,0,0,0,0,0,0,0,0,0,0, 
, Female,0,0,0,0,0,0,0,0,0,0,0,0,0,0,0,1,0,1,11,12,5,2,1,2,2,0,0,0,0,0,0,0,0,0,0,0,0,0,0, 
Arizona,,258,219,159,141,180,0,0,89,102,127,136,101,105,321,313,79,32,45,30,10,15,339,70,65,84,86,173,262,370,419,6,628,493,3,1,0,1,0,2,
, Male,240,203,140,127,165,0,0,85,101,125,135,100,89,275,264,59,20,23,19,5,7,310,60,60,73,72,160,240,325,412,6,568,490,2,1,0,1,0,2, 
, Female,18,16,19,14,15,0,0,4,1,2,1,1,16,46,49,20,12,22,11,5,8,29,10,5,11,14,13,22,45,7,0,60,3,1,0,0,0,0,0, 
Arkansas,,14,26,18,18,23,30,21,15,18,11,22,24,12,15,6,12,16,17,7,9,14,12,5,9,7,7,7,4,11,0,0,3,4,0,3,0,0,0,0,
, Male,14,26,18,18,23,30,21,14,18,11,22,23,12,15,6,11,16,17,7,9,14,12,5,8,7,7,6,4,11,0,0,3,4,0,3,0,0,0,0, 
, Female,0,0,0,0,0,0,0,1,0,0,0,1,0,0,0,1,0,0,0,0,0,0,0,1,0,0,1,0,0,0,0,0,0,0,0,0,0,0,0, 
California,,132,157,145,207,380,671,821,667,689,689,627,763,665,494,654,624,510,386,390,276,209,405,324,233,225,249,163,42,43,45,45,43,17,15,25,0,0,0,0,
, Male,127,149,141,197,360,624,765,610,657,644,567,677,607,464,623,588,485,356,364,256,192,374,313,222,214,222,147,33,36,33,37,32,16,14,24,0,0,0,0, 
, Female,5,8,4,10,20,47,56,57,32,45,60,86,58,30,31,36,25,30,26,20,17,31,11,11,11,27,16,9,7,12,8,11,1,1,1,0,0,0,0, 
Colorado,,42,66,179,186,186,179,171,222,234,195,233,240,435,361,254,372,353,420,371,340,322,347,309,342,359,351,576,587,585,497,397,133,319,103,87,0,0,0,0,
, Male,40,64,173,185,177,155,157,222,215,174,214,227,391,335,242,307,326,365,318,281,262,299,252,296,292,299,512,491,492,429,316,123,308,96,78,0,0,0,0, 
, Female,2,2,6,1,9,24,14,0,19,21,19,13,44,26,12,65,27,55,53,59,60,48,57,46,67,52,64,96,93,68,81,10,11,7,9,0,0,0,0, 
Connecticut,,24,83,76,65,59,105,89,85,139,124,159,450,670,713,673,827,368,249,121,115,131,144,154,141,112,106,106,119,116,179,117,122,116,112,98,156,140,116,105,
, Male,18,66,57,47,49,85,61,78,134,115,149,419,613,637,529,686,337,221,114,105,112,132,147,131,106,99,98,115,108,165,112,111,110,102,89,144,130,110,95, 
, Female,6,17,19,18,10,20,28,7,5,9,10,31,57,76,144,141,31,28,7,10,19,12,7,10,6,7,8,4,8,14,5,11,6,10,9,12,10,6,10, 
Delaware,,26,34,16,49,61,85,139,177,154,131,126,34,66,84,86,112,100,52,39,41,33,62,50,45,0,25,50,6,5,11,12,13,9,15,15,5,12,9,6,
, Male,26,31,16,48,59,83,139,164,141,114,116,31,57,68,75,100,83,47,35,36,28,45,41,38,0,23,42,6,5,10,12,13,9,15,15,5,12,8,6, 
, Female,0,3,0,1,2,2,0,13,13,17,10,3,9,16,11,12,17,5,4,5,5,17,9,7,0,2,8,0,0,1,0,0,0,0,0,0,0,1,0, 
District of Columbia,,210,221,203,217,233,227,191,207,314,440,972,1136,1780,2197,2139,1560,1652,396,606,816,347,235,142,0,0,0,0,0,0,0,0,0,0,0,0,0,0,0,0,
, Male,194,199,190,208,213,208,177,201,310,434,953,1114,1746,2155,2098,1524,1606,380,562,746,308,222,131,0,0,0,0,0,0,0,0,0,0,0,0,0,0,0,0, 
, Female,16,22,13,9,20,19,14,6,4,6,19,22,34,42,41,36,46,16,44,70,39,13,11,0,0,0,0,0,0,0,0,0,0,0,0,0,0,0,0, 
Florida,,517,485,523,698,736,723,609,685,920,1140,1501,1358,749,352,199,253,339,298,244,202,167,138,90,76,66,73,105,99,19,8,12,13,14,8,9,9,11,7,1,
, Male,493,458,509,692,720,700,596,665,885,1099,1425,1270,703,328,188,248,318,269,185,188,157,127,83,73,62,69,100,88,18,8,11,11,14,8,9,9,11,7,1, 
, Female,24,27,14,6,16,23,13,20,35,41,76,88,46,24,11,5,21,29,59,14,10,11,7,3,4,4,5,11,1,0,1,2,0,0,0,0,0,0,0, 
Georgia,,369,420,359,377,320,233,183,169,130,176,173,118,96,92,113,107,120,81,79,82,51,0,0,0,0,0,0,0,0,0,0,0,0,0,0,0,0,0,0,
, Male,346,381,318,336,277,208,164,152,114,152,145,102,86,79,98,101,109,68,72,74,50,0,0,0,0,0,0,0,0,0,0,0,0,0,0,0,0,0,0, 
, Female,23,39,41,41,43,25,19,17,16,24,28,16,10,13,15,6,11,13,7,8,1,0,0,0,0,0,0,0,0,0,0,0,0,0,0,0,0,0,0, 
Hawaii,,14,10,23,6,0,0,0,0,0,0,6,0,7,3,5,8,6,3,80,25,26,59,15,18,22,21,21,22,10,11,14,17,7,9,16,34,38,47,19,
, Male,14,10,23,6,0,0,0,0,0,0,5,0,7,1,5,8,6,2,49,23,26,49,14,16,18,18,19,20,10,10,12,17,3,6,16,33,36,36,18, 
, Female,0,0,0,0,0,0,0,0,0,0,1,0,0,2,0,0,0,1,31,2,0,10,1,2,4,3,2,2,0,1,2,0,4,3,0,1,2,11,1, 
Idaho,,10,21,12,13,32,14,11,16,15,12,3,12,4,9,6,13,7,4,13,10,0,12,21,11,14,6,12,5,12,8,12,13,7,10,7,0,6,5,1,
, Male,10,21,12,13,32,12,10,15,15,12,3,11,4,9,5,11,5,4,13,10,0,10,19,11,13,5,12,1,12,8,12,11,6,10,6,0,5,4,0, 
, Female,0,0,0,0,0,2,1,1,0,0,0,1,0,0,1,2,2,0,0,0,0,2,2,0,1,1,0,4,0,0,0,2,1,0,1,0,1,1,1, 
Illinois,,38,43,43,101,258,205,226,130,154,115,66,102,171,180,183,764,893,1002,1012,1028,892,792,641,286,192,179,142,144,149,60,39,84,67,63,62,62,64,0,13,
, Male,14,39,42,98,240,176,178,98,98,71,50,68,155,159,170,722,820,882,884,897,769,689,562,237,178,167,131,143,149,59,38,78,64,61,60,59,62,0,12, 
, Female,24,4,1,3,18,29,48,32,56,44,16,34,16,21,13,42,73,120,128,131,123,103,79,49,14,12,11,1,0,1,1,6,3,2,2,3,2,0,1, 
Indiana,,43,71,81,73,99,116,85,86,82,83,73,59,21,7,16,12,8,18,8,18,17,10,14,9,9,8,14,17,0,179,140,110,85,93,56,41,55,121,104,
, Male,42,70,78,72,89,113,78,71,71,77,61,52,20,5,14,7,7,15,5,14,17,7,13,8,9,7,13,13,0,142,113,87,69,77,44,26,46,100,94, 
, Female,1,1,3,1,10,3,7,15,11,6,12,7,1,2,2,5,1,3,3,4,0,3,1,1,0,1,1,4,0,37,27,23,16,16,12,15,9,21,10, 
Iowa,,50,100,146,186,169,139,122,141,118,157,205,176,187,208,217,384,603,562,596,622,618,502,400,471,585,642,229,7,1,1,1,0,3,32,248,241,292,375,454,
, Male,44,89,130,169,162,133,118,133,113,153,198,169,180,200,209,339,515,468,502,522,503,403,343,407,504,541,229,6,1,1,1,0,3,26,215,208,240,311,374, 
, Female,6,11,16,17,7,6,4,8,5,4,7,7,7,8,8,45,88,94,94,100,115,99,57,64,81,101,0,1,0,0,0,0,0,6,33,33,52,64,80, 
Kansas,,44,40,46,53,49,31,26,31,34,35,49,70,41,48,36,25,26,24,12,6,8,6,11,4,3,2,5,7,21,16,6,17,9,12,18,19,7,8,5,
, Male,37,40,46,53,47,29,26,29,28,33,49,68,39,44,31,20,22,24,12,6,8,6,10,4,3,2,4,7,20,16,6,16,8,11,17,19,7,6,5, 
, Female,7,0,0,0,2,2,0,2,6,2,0,2,2,4,5,5,4,0,0,0,0,0,1,0,0,0,1,0,1,0,0,1,1,1,1,0,0,2,0, 
Kentucky,,87,89,113,130,126,96,100,78,91,60,90,112,82,90,137,123,111,107,117,111,88,110,124,89,109,94,200,99,91,115,135,89,111,118,135,81,115,86,104,
, Male,87,86,111,130,123,96,94,75,84,56,84,105,80,88,133,121,102,99,112,102,84,103,118,85,105,88,182,93,80,104,118,78,97,102,121,70,104,81,84, 
, Female,0,3,2,0,3,0,6,3,7,4,6,7,2,2,4,2,9,8,5,9,4,7,6,4,4,6,18,6,11,11,17,11,14,16,14,11,11,5,20, 
Louisiana,,84,89,109,70,70,93,70,45,47,39,45,62,68,100,100,71,100,92,84,95,97,104,67,108,91,133,104,135,144,1175,544,626,218,253,136,108,82,82,91,
, Male,79,87,106,68,69,90,69,43,47,34,44,61,68,90,99,69,97,90,81,95,95,101,67,103,86,129,99,129,141,1050,497,565,206,249,128,105,79,76,86, 
, Female,5,2,3,2,1,3,1,2,0,5,1,1,0,10,1,2,3,2,3,0,2,3,0,5,5,4,5,6,3,125,47,61,12,4,8,3,3,6,5, 
Maine,,1,1,1,4,5,7,0,6,5,11,7,6,7,6,9,8,7,8,8,0,8,2,7,6,0,1,0,0,0,0,0,0,0,0,0,0,0,0,0,
, Male,1,1,1,4,5,7,0,6,5,11,7,6,7,6,9,8,7,8,8,0,8,2,7,6,0,1,0,0,0,0,0,0,0,0,0,0,0,0,0, 
, Female,0,0,0,0,0,0,0,0,0,0,0,0,0,0,0,0,0,0,0,0,0,0,0,0,0,0,0,0,0,0,0,0,0,0,0,0,0,0,0, 
Maryland,,355,510,535,495,229,130,134,87,99,102,85,90,124,128,103,127,103,102,103,95,102,88,113,126,123,112,139,191,200,170,135,91,51,49,40,32,32,23,18,
, Male,347,499,512,476,220,119,129,86,96,98,82,85,124,127,101,121,103,96,98,87,101,84,105,116,117,110,132,178,192,161,129,88,49,42,37,31,31,23,18, 
, Female,8,11,23,19,9,11,5,1,3,4,3,5,0,1,2,6,0,6,5,8,1,4,8,10,6,2,7,13,8,9,6,3,2,7,3,1,1,0,0, 
Massachusetts,,164,164,159,208,246,290,252,239,275,229,148,124,117,131,66,74,34,21,15,14,16,15,6,3,5,6,6,13,6,4,6,6,4,4,4,4,4,2,2,
, Male,149,149,143,196,229,277,243,234,272,223,143,116,112,112,65,64,32,20,14,14,13,14,5,3,5,6,6,12,6,3,3,5,4,3,3,4,4,2,1, 
, Female,15,15,16,12,17,13,9,5,3,6,5,8,5,19,1,10,2,1,1,0,3,1,1,0,0,0,0,1,0,1,3,1,0,1,1,0,0,0,1, 
Michigan,,859,1043,1123,1563,1446,1204,1095,1219,928,594,581,638,840,748,816,1177,1229,943,1011,1053,1067,931,883,865,621,353,260,128,68,42,31,14,2,1,1,0,1,0,2,
, Male,776,920,991,1393,1308,1095,964,1120,831,545,544,598,798,706,747,1067,1093,815,878,934,944,826,789,787,555,317,242,117,62,38,25,13,2,1,1,0,1,0,2, 
, Female,83,123,132,170,138,109,131,99,97,49,37,40,42,42,69,110,136,128,133,119,123,105,94,78,66,36,18,11,6,4,6,1,0,0,0,0,0,0,0, 
Minnesota,,31,43,46,29,39,12,14,18,27,15,37,9,43,17,9,0,0,0,0,0,0,0,0,0,0,0,0,0,0,0,0,0,0,0,0,0,0,0,0,
, Male,20,32,34,24,27,11,10,15,26,12,29,7,42,14,6,0,0,0,0,0,0,0,0,0,0,0,0,0,0,0,0,0,0,0,0,0,0,0,0, 
, Female,11,11,12,5,12,1,4,3,1,3,8,2,1,3,3,0,0,0,0,0,0,0,0,0,0,0,0,0,0,0,0,0,0,0,0,0,0,0,0, 
Mississippi,,21,42,50,72,123,58,54,77,69,70,63,61,57,56,60,41,41,49,39,72,44,30,136,66,109,82,118,132,135,86,119,9,9,6,10,7,6,4,0,
, Male,21,42,49,70,123,57,53,77,69,69,63,60,57,56,59,41,40,49,39,65,41,28,121,59,100,73,101,113,119,78,105,9,8,6,10,7,6,4,0, 
, Female,0,0,1,2,0,1,1,0,0,1,0,1,0,0,1,0,1,0,0,7,3,2,15,7,9,9,17,19,16,8,14,0,1,0,0,0,0,0,0, 
Missouri,,25,66,93,169,246,239,262,279,364,388,0,0,0,0,351,600,774,832,1215,908,760,648,728,668,796,1131,1119,1128,1194,1016,678,8,12,4,8,8,7,5,4,
, Male,21,61,84,164,245,239,260,267,342,352,0,0,0,0,310,543,710,750,1112,820,671,572,646,600,708,998,1016,1035,1054,925,608,8,12,4,7,7,7,5,4, 
, Female,4,5,9,5,1,0,2,12,22,36,0,0,0,0,41,57,64,82,103,88,89,76,82,68,88,133,103,93,140,91,70,0,0,0,1,1,0,0,0, 
Montana,,13,9,18,32,34,24,24,35,25,26,29,24,21,33,40,0,42,0,0,35,33,32,23,26,39,42,37,75,50,62,46,33,23,0,0,0,0,0,0,
, Male,13,6,18,31,31,24,22,31,25,24,22,22,19,31,38,0,42,0,0,35,32,30,18,18,31,37,35,66,41,53,35,29,19,0,0,0,0,0,0, 
, Female,0,3,0,1,3,0,2,4,0,2,7,2,2,2,2,0,0,0,0,0,1,2,5,8,8,5,2,9,9,9,11,4,4,0,0,0,0,0,0, 
Nebraska,,26,30,11,0,27,27,25,16,19,16,26,28,18,12,13,11,13,34,19,15,20,19,21,21,41,21,29,30,38,27,22,24,26,36,48,28,18,20,13,
, Male,24,26,8,0,26,27,23,16,19,16,26,24,15,10,10,9,11,30,16,12,19,16,19,21,39,20,27,26,29,24,22,22,23,34,45,22,17,18,11, 
, Female,2,4,3,0,1,0,2,0,0,0,0,4,3,2,3,2,2,4,3,3,1,3,2,0,2,1,2,4,9,3,0,2,3,2,3,6,1,2,2, 
Nevada,,13,17,35,19,35,22,17,37,27,33,36,34,39,43,56,68,49,87,42,0,0,0,0,0,0,0,18,22,56,59,0,0,0,0,0,0,0,0,0,
, Male,11,17,35,19,34,22,17,37,27,28,29,28,33,42,52,51,41,70,37,0,0,0,0,0,0,0,17,19,40,42,0,0,0,0,0,0,0,0,0, 
, Female,2,0,0,0,1,0,0,0,0,5,7,6,6,1,4,17,8,17,5,0,0,0,0,0,0,0,1,3,16,17,0,0,0,0,0,0,0,0,0, 
New Hampshire,,1,8,5,19,15,18,19,10,11,8,3,10,14,15,12,16,27,14,15,15,13,16,15,10,12,8,1,5,0,5,0,1,5,9,10,7,8,9,10,
, Male,1,8,5,18,15,17,19,9,11,8,3,9,14,12,11,14,26,14,15,15,12,14,12,9,9,8,1,5,0,3,0,0,5,8,8,7,8,7,9, 
, Female,0,0,0,1,0,1,0,1,0,0,0,1,0,3,1,2,1,0,0,0,1,2,3,1,3,0,0,0,0,2,0,1,0,1,2,0,0,2,1, 
New Jersey,,60,88,72,69,65,38,42,52,49,71,129,95,111,307,171,155,112,116,2,1,0,0,0,0,0,0,0,0,0,0,0,0,0,235,271,197,166,176,177,
, Male,55,86,66,67,62,38,42,52,45,68,120,91,108,297,165,141,105,112,2,1,0,0,0,0,0,0,0,0,0,0,0,0,0,215,246,179,153,158,163, 
, Female,5,2,6,2,3,0,0,0,4,3,9,4,3,10,6,14,7,4,0,0,0,0,0,0,0,0,0,0,0,0,0,0,0,20,25,18,13,18,14, 
New Mexico,,24,62,27,28,40,40,30,46,38,57,31,27,16,23,40,48,50,29,20,9,10,4,1,0,1,1,2,2,1,2,4,400,2,1,1,2,0,2,1,
, Male,23,51,26,27,30,30,29,41,36,51,27,25,14,22,33,48,46,29,19,9,10,4,1,0,1,1,2,2,1,2,3,397,2,1,1,2,0,1,1, 
, Female,1,11,1,1,10,10,1,5,2,6,4,2,2,1,7,0,4,0,1,0,0,0,0,0,0,0,0,0,0,0,1,3,0,0,0,0,0,1,0, 
New York,,170,156,134,100,147,137,145,173,158,271,401,500,716,1276,1566,3749,4090,3172,2091,1568,1092,762,615,498,459,405,311,213,133,151,122,86,126,71,32,23,26,27,19,
, Male,165,147,127,95,140,136,138,169,154,268,389,497,712,1238,1484,3543,3842,2977,1926,1416,995,684,567,425,406,374,283,188,120,140,120,79,123,69,30,23,25,25,18, 
, Female,5,9,7,5,7,1,7,4,4,3,12,3,4,38,82,206,248,195,165,152,97,78,48,73,53,31,28,25,13,11,2,7,3,2,2,0,1,2,1, 
North Carolina,,951,825,750,725,621,466,394,418,437,467,469,402,394,280,220,205,216,207,179,144,111,109,0,92,92,48,52,38,54,41,0,0,0,0,0,0,0,0,0,
, Male,930,809,723,704,604,455,383,413,430,463,459,386,380,271,212,198,214,201,175,140,103,108,0,90,90,46,50,37,49,39,0,0,0,0,0,0,0,0,0, 
, Female,21,16,27,21,17,11,11,5,7,4,10,16,14,9,8,7,2,6,4,4,8,1,0,2,2,2,2,1,5,2,0,0,0,0,0,0,0,0,0, 
North Dakota,,1,0,2,0,0,1,0,1,2,0,1,1,2,4,9,2,0,6,5,7,1,9,7,1,3,4,7,5,1,7,6,5,16,8,11,6,18,30,31,
, Male,1,0,2,0,0,1,0,1,2,0,1,1,2,4,9,2,0,6,5,7,1,9,7,1,3,4,7,3,0,4,3,3,5,4,9,6,8,16,16, 
, Female,0,0,0,0,0,0,0,0,0,0,0,0,0,0,0,0,0,0,0,0,0,0,0,0,0,0,0,2,1,3,3,2,11,4,2,0,10,14,15, 
Ohio,,37,45,40,40,28,16,60,36,24,14,25,11,13,8,11,9,8,12,10,4,6,6,2,3,4,2,7,5,5,1,0,9,5,3,11,0,0,0,0,
, Male,36,45,36,40,26,16,58,33,21,14,23,11,13,8,11,8,6,12,9,4,6,6,2,3,4,2,7,5,5,1,0,9,5,3,11,0,0,0,0, 
, Female,1,0,4,0,2,0,2,3,3,0,2,0,0,0,0,1,2,0,1,0,0,0,0,0,0,0,0,0,0,0,0,0,0,0,0,0,0,0,0, 
Oklahoma,,90,90,131,152,346,467,311,275,417,361,356,412,362,294,387,424,490,513,341,211,116,59,70,93,150,12,17,126,161,13,23,20,23,21,60,21,14,17,12,
, Male,86,83,117,143,329,444,295,257,384,334,317,370,330,275,334,379,405,430,279,177,100,48,60,67,102,8,15,115,129,13,23,17,23,15,50,12,12,14,11, 
, Female,4,7,14,9,17,23,16,18,33,27,39,42,32,19,53,45,85,83,62,34,16,11,10,26,48,4,2,11,32,0,0,3,0,6,10,9,2,3,1, 
Oregon,,171,181,300,492,528,368,643,722,666,1012,1356,1124,176,156,70,75,159,126,75,62,51,73,56,52,27,30,14,17,12,12,13,8,9,7,4,11,8,8,8,
, Male,155,173,287,469,493,333,580,633,556,850,1110,910,141,122,65,64,135,114,71,58,45,61,51,48,24,30,12,16,12,11,12,8,8,7,4,9,7,7,7, 
, Female,16,8,13,23,35,35,63,89,110,162,246,214,35,34,5,11,24,12,4,4,6,12,5,4,3,0,2,1,0,1,1,0,1,0,0,2,1,1,1, 
Pennsylvania,,86,84,76,56,76,72,63,48,54,68,42,72,78,54,89,8,1,0,124,97,72,67,57,141,135,139,125,95,123,232,237,135,144,171,215,140,101,160,114,
, Male,62,65,62,42,67,52,52,46,49,63,42,68,74,52,84,8,1,0,118,95,70,67,56,138,134,137,121,90,119,218,221,120,129,165,193,124,80,133,93, 
, Female,24,19,14,14,9,20,11,2,5,5,0,4,4,2,5,0,0,0,6,2,2,0,1,3,1,2,4,5,4,14,16,15,15,6,22,16,21,27,21, 
Rhode Island,,9,19,22,31,25,16,28,30,35,46,33,57,48,45,47,51,42,34,24,8,10,8,0,0,0,0,4,6,2,3,3,1,0,2,25,17,15,15,24,
, Male,9,19,21,31,25,16,27,29,35,44,27,56,46,44,42,49,41,30,21,6,9,5,0,0,0,0,3,5,2,3,3,1,0,2,25,14,14,14,22, 
, Female,0,0,1,0,0,0,1,1,0,2,6,1,2,1,5,2,1,4,3,2,1,3,0,0,0,0,1,1,0,0,0,0,0,0,0,3,1,1,2, 
South Carolina,,216,266,294,233,232,266,199,194,230,209,168,139,119,126,116,116,122,150,60,37,48,18,21,23,47,32,32,22,23,15,14,22,16,11,15,10,11,11,9,
, Male,202,260,290,229,229,258,194,190,220,204,161,136,108,118,100,102,108,137,56,36,44,17,20,18,46,31,31,22,23,15,14,20,16,11,15,10,10,11,9, 
, Female,14,6,4,4,3,8,5,4,10,5,7,3,11,8,16,14,14,13,4,1,4,1,1,5,1,1,1,0,0,0,0,2,0,0,0,0,1,0,0, 
South Dakota,,17,17,13,10,10,7,7,3,7,11,8,5,10,9,15,16,10,10,7,1,5,6,1,8,2,4,7,1,6,8,4,7,10,11,5,15,15,17,11,
, Male,17,17,13,10,10,7,7,3,7,11,8,5,9,9,15,16,10,10,5,1,4,6,1,8,2,4,4,1,6,7,2,7,10,8,4,14,14,15,10, 
, Female,0,0,0,0,0,0,0,0,0,0,0,0,1,0,0,0,0,0,2,0,1,0,0,0,0,0,3,0,0,1,2,0,0,3,1,1,1,2,1, 
Tennessee,,357,384,385,439,517,515,580,214,126,119,140,145,108,88,113,89,73,84,87,71,53,59,82,64,42,33,41,26,21,6,4,11,11,10,4,3,2,1,9,
, Male,339,374,375,429,500,512,573,214,126,111,132,139,105,87,106,83,66,78,83,68,47,52,71,48,37,29,38,25,17,6,3,11,11,10,4,3,1,1,8, 
, Female,18,10,10,10,17,3,7,0,0,8,8,6,3,1,7,6,7,6,4,3,6,7,11,16,5,4,3,1,4,0,1,0,0,0,0,0,1,0,1, 
Texas,,13,5,8,21,97,16,27,28,58,133,293,230,155,25,38,0,13,8,0,0,0,5,2,0,0,4,4,2,0,6,4,3,1,3,0,0,0,0,0,
, Male,13,5,7,20,95,16,27,27,56,130,282,226,151,24,36,0,13,8,0,0,0,5,2,0,0,4,4,2,0,6,4,3,1,3,0,0,0,0,0, 
, Female,0,0,1,1,2,0,0,1,2,3,11,4,4,1,2,0,0,0,0,0,0,0,0,0,0,0,0,0,0,0,0,0,0,0,0,0,0,0,0, 
Utah,,57,62,91,108,119,129,62,96,78,39,32,44,37,25,10,5,13,8,8,4,7,5,5,0,3,2,1,0,0,0,0,0,0,0,0,0,0,0,0,
, Male,52,53,87,103,110,121,57,90,71,39,31,38,34,23,10,5,12,8,8,4,7,5,5,0,3,2,1,0,0,0,0,0,0,0,0,0,0,0,0, 
, Female,5,9,4,5,9,8,5,6,7,0,1,6,3,2,0,0,1,0,0,0,0,0,0,0,0,0,0,0,0,0,0,0,0,0,0,0,0,0,0, 
Vermont,,36,36,56,58,47,39,10,28,36,35,35,23,37,55,48,11,10,32,50,100,94,95,97,103,89,80,92,89,78,13,10,4,4,0,6,2,2,2,2,
, Male,36,35,56,58,47,39,10,28,36,35,35,23,36,53,46,11,10,30,50,98,86,87,87,92,76,63,79,77,66,11,9,3,3,0,6,1,1,1,1, 
, Female,0,1,0,0,0,0,0,0,0,0,0,0,1,2,2,0,0,2,0,2,8,8,10,11,13,17,13,12,12,2,1,1,1,0,0,1,1,1,1, 
Virginia,,73,76,103,135,117,100,94,71,82,79,82,50,46,19,22,20,0,0,0,0,0,0,0,0,0,0,0,0,0,0,0,0,0,0,0,0,0,0,0,
, Male,71,76,103,131,113,97,93,70,80,77,80,45,42,18,21,19,0,0,0,0,0,0,0,0,0,0,0,0,0,0,0,0,0,0,0,0,0,0,0, 
, Female,2,0,0,4,4,3,1,1,2,2,2,5,4,1,1,1,0,0,0,0,0,0,0,0,0,0,0,0,0,0,0,0,0,0,0,0,0,0,0, 
Washington,,269,279,383,546,430,309,194,296,276,403,256,199,151,147,155,144,148,148,132,156,139,165,136,117,92,110,121,91,68,48,25,34,27,30,27,41,36,52,60,
, Male,245,262,362,514,401,306,184,274,255,382,231,171,134,129,146,135,128,131,118,137,127,150,120,98,78,99,112,76,62,46,20,31,26,28,24,37,36,42,53, 
, Female,24,17,21,32,29,3,10,22,21,21,25,28,17,18,9,9,20,17,14,19,12,15,16,19,14,11,9,15,6,2,5,3,1,2,3,4,0,10,7, 
West Virginia,,39,30,18,12,15,19,30,31,50,54,60,74,87,5,13,19,4,9,5,4,2,0,3,2,0,0,0,5,0,0,0,0,0,11,5,6,14,10,19,
, Male,39,29,17,12,15,16,28,29,50,54,58,62,87,4,13,18,4,9,4,4,2,0,3,2,0,0,0,4,0,0,0,0,0,9,5,6,13,8,17, 
, Female,0,1,1,0,0,3,2,2,0,0,2,12,0,1,0,1,0,0,1,0,0,0,0,0,0,0,0,1,0,0,0,0,0,2,0,0,1,2,2, 
Wisconsin,,92,54,0,0,0,0,0,0,0,0,0,0,0,0,0,0,0,0,0,0,0,0,0,0,0,0,0,0,0,0,0,0,0,0,0,13,6,20,33,
, Male,81,47,0,0,0,0,0,0,0,0,0,0,0,0,0,0,0,0,0,0,0,0,0,0,0,0,0,0,0,0,0,0,0,0,0,13,6,19,33, 
, Female,11,7,0,0,0,0,0,0,0,0,0,0,0,0,0,0,0,0,0,0,0,0,0,0,0,0,0,0,0,0,0,0,0,0,0,0,0,1,0, 
Wyoming,,3,7,11,15,9,12,5,13,1,12,10,8,10,3,3,16,17,9,6,9,3,4,28,6,7,0,10,13,13,10,9,3,3,10,9,11,5,6,9,
, Male,3,7,11,15,9,12,5,13,1,12,10,8,10,3,3,16,17,9,6,9,2,3,27,6,6,0,10,13,13,10,8,3,3,10,9,11,5,5,9, 
, Female,0,0,0,0,0,0,0,0,0,0,0,0,0,0,0,0,0,0,0,0,1,1,1,0,1,0,0,0,0,0,1,0,0,0,0,0,0,1,0, 
