Jurisdiction,Sex,1978,1979,1980,1981,1982,1983,1984,1985,1986,1987,1988,1989,1990,1991,1992,1993,1994,1995,1996,1997,1998,1999,2000,2001,2002,2003,2004,2005,2006,2007,2008,2009,2010,2011,2012,2013,2014,2015,2016,
National Statistics,,307276,314457,329821,369930,413806,436855,462002,502507,544972,585084,627600,712364,773919,825559,882500,969301,1054702,1125874,1181919,1240659,1307154,1363686,1394231,1404032,1440144,1468601,1497100,1525910,1568674,1596835,1608282,1615487,1613803,1598968,1570397,1576950,1562319,1526603,1505397,
,Male,294530,301462,316401,354393,396021,417835,441208,479359,518441,555961,594996,671752,729840,777908,832093,911044,990306,1057406,1107109,1161468,1222273,1273258,1300997,1311053,1342513,1367755,1392278,1418392,1456366,1482524,1493670,1502002,1500936,1487561,1461625,1465592,1449291,1415112,1393975, 
,Female,12746,12995,13420,15537,17785,19020,20794,23148,26531,29123,32604,40612,44079,47651,50407,58257,64396,68468,74810,79191,84881,90428,93234,92979,97631,100846,104822,107518,112308,114311,114612,113485,112867,111407,108772,111358,113028,111491,111422, 
Federal Institutions,,29803,26371,24363,28133,29673,31926,34263,40223,44408,48300,49928,59171,65526,71608,80259,89587,95034,100250,105544,112973,123041,135246,145416,156993,163528,173059,180328,187618,193046,199618,201280,208118,209771,216362,217815,215866,210567,196455,189192,
,Male,27975,24835,22964,26574,28046,30172,32267,37819,41575,45273,46686,54736,60515,65954,73860,82696,87894,92852,97844,104667,113855,125333,135171,146020,152294,161424,168164,175196,180071,186280,188007,194493,196222,202462,203766,201697,196568,183502,176495, 
,Female,1828,1536,1399,1559,1627,1754,1996,2404,2833,3027,3242,4435,5011,5654,6399,6891,7140,7398,7700,8306,9186,9913,10245,10973,11234,11635,12164,12422,12975,13338,13273,13625,13549,13900,14049,14169,13999,12953,12697, 
State Institutions (Total)/21/22/23/33/34/35/36/37/38/39/40/41/42/43/44/45/46/47/48/49/50/51/52/53/54/55/56/57/58/59/60/61/62/63/64/65/66/67/68/69/70/71/72/73/74/75/76/77/78/79/80/81/82/83/84/85/86/87/88/89/90/91/92/93/94/95/96/97/98/99/100/101/102/103/104/105/106/107/108/109/110/111/112/113/114/115/116/117/118/119/120/121/122/123/124/125/126/127/128/129/130/131/132/133/134/135/136/137/138/139/140/141/142/143/144/145/146/147/148/149/150/151/152/153/154/155/156/157/158/159/160/161/162/163/164/165/166/167/168/169/170/171/172/173/174/175/176/177/178/179/180/181/182/183/184/185/186/187/188/189/190/191/192/193/194/195/196/197/198/199/200/201/202/203/204/205/206/207/208/209/210/211/212/213/214/215/216/217/218/219/220/221/222/223/224/225/226/227/228/229/230/231/232/233/234/235/236/237/238/239/240/241/242/243/244/245/246/247/248/249/250/251/252/253/254/255/256/257/258/259/260/261/262/263/264/265/266/267/268/269/270/271/272/273/274/275/276/277/278/279/280/281/282/283/284/285/286/287/288/289/290/291/292/293/294/295/296/297/298/299/300/301/302/303/304/305/306/307/308/309/310/311/312/313/314/315/316/317/318/319/320/321/322/323/324/325/326/327/328/329/330/331/332/333/334/335/336/337/338/339/340/341/342/343/344/345/346/347/348/349/350/351/352/353/354/355/356/357/358/359/360/361/362/363/364/365/366/367/368/369/370/371/372/373/374/375/376/377/378/379/380/381/382/383/384/385/386/387/388/389/390/391/392/393/394/395/396/397/398/399/400/401/402/403/404/405/406/407/408/409/410/411/412/413/414/415/416/417/418/419/420/421/422/423/424/425/426/427/428/429/430/431/432/433/434/435/436/437/438/439/440/441/442/443/444/445/446/447/448/449/450/451/452/453/454/455/456/457/458/459/460/461/462/463/464/465/466/467/468/469/470/471/472/473/474/475/476/477/478/479/480/481/482/483/484/485/486/487/488/489/490/491/492/493/494/495/496/497/498/499/500/501/502/503/504/505/506/507/508/509/510/511/512/513/514/515/516/517/518/519/520/521/522/523/524/525/526/527/528/529/530/531/532/533/534/535/536/537/538/539/540/541/542/543/544/545/546/547/548/549/550/551/552/553/554/555/556/557/558/559/560/561/562/563/564/565/566/567/568/569/570/571/572/573/574/575/576/577/578/579/580/581/582/583/584/585/586/587/588/589/590/591/592/593/594/595/596/597/598/599/600/601/602/603/604/605/606/607/608/609/610/611/612/613/614/615/616/617/618/619/620/621/622/623/624/625/626/627/628/629/630/631/632/633/634/635/636/637/638/639/640/641/642/643/644/645/646/647/648/649/650/651/652/653/654/655/656/657/658/659/660/661,,277473,288086,305458,341797,384133,404929,427739,462284,500564,536784,577672,653193,708393,753951,802241,879714,959668,1025624,1076375,1127686,1184113,1228440,1248815,1247039,1276616,1295542,1316772,1338292,1375628,1397217,1407002,1407369,1404032,1382606,1352582,1361084,1351752,1330148,1316205,
,Male,266555,276627,293437,327819,367975,387663,408941,441540,476866,510688,548310,617016,669325,711954,758233,828348,902412,964554,1009265,1056801,1108418,1147925,1165826,1165033,1190219,1206331,1224114,1243196,1276295,1296244,1305663,1307509,1304714,1285099,1257859,1263895,1252723,1231610,1217480, 
,Female,10918,11459,12021,13978,16158,17266,18798,20744,23698,26096,29362,36177,39068,41997,44008,51366,57256,61070,67110,70885,75695,80515,82989,82006,86397,89211,92658,95096,99333,100973,101339,99860,99318,97507,94723,97189,99029,98538,98725, 
Alabama,,5625,5464,6543,7657,9233,9856,10482,11015,11710,12827,12610,13907,15665,16760,17453,18624,19573,20718,21760,22290,22676,24658,26406,26741,27947,27913,25887,27888,28241,29412,30508,31874,31764,32270,32431,32381,31771,30810,28883,
,Male,5368,5221,6278,7339,8757,9375,9961,10453,11094,12095,11858,13062,14710,15705,16352,17493,18359,19423,20403,20930,21215,22990,24580,24958,26250,25910,24139,25923,26191,27254,28277,29419,29261,29696,29782,29660,29182,28220,26506, 
,Female,257,243,265,318,476,481,521,562,616,732,752,845,955,1055,1101,1131,1214,1295,1357,1360,1461,1668,1826,1783,1697,2003,1748,1965,2050,2158,2231,2455,2503,2574,2649,2721,2589,2590,2377, 
Alaska,,712,760,822,1024,1322,1631,1967,2329,2460,2528,2588,2744,2622,2706,2865,2703,3292,3522,3716,4165,4097,3949,4173,4571,4398,4527,4554,4812,5069,5167,5014,5285,5391,5597,5633,5081,5794,5338,4434,
,Male,678,729,801,977,1276,1557,1888,2207,2344,2408,2465,2583,2494,2574,2716,2581,3074,3279,3446,3861,3795,3661,3889,4212,4049,4135,4157,4347,4551,4603,4511,4696,4782,4932,4934,4450,5091,4761,4024, 
,Female,34,31,21,47,46,74,79,122,116,120,123,161,128,132,149,122,218,243,270,304,302,288,284,359,349,392,397,465,518,564,503,589,609,665,699,631,703,577,410, 
Arizona,,3456,3749,4372,5223,6069,6889,7845,8531,9434,10948,12095,13251,14261,15415,16477,17811,19746,21341,22493,23484,25515,25986,26510,27710,29359,31170,32515,33471,35801,37746,39502,40544,40209,40020,40080,41177,42259,42719,42320,
,Male,3275,3573,4153,4986,5788,6566,7482,8134,8948,10339,11381,12471,13426,14476,15476,16774,18473,19909,20978,21924,23718,24131,24546,25542,26931,28514,29750,30575,32650,34286,35739,36768,36521,36470,36447,37402,38295,38738,38323, 
,Female,181,176,219,237,281,323,363,397,486,609,714,780,835,939,1001,1037,1273,1432,1515,1560,1797,1855,1964,2168,2428,2656,2765,2896,3151,3460,3763,3776,3688,3550,3633,3775,3964,3981,3997, 
Arkansas,,2654,3042,2911,3328,3922,4246,4482,4611,4701,5441,5519,6649,7322,7766,8285,8625,8957,8910,9407,10021,10638,11415,11915,12594,13091,13315,13807,13511,13729,14314,14716,15208,16204,16108,14654,17235,17874,17707,17537,
,Male,2553,2927,2805,3197,3755,4050,4286,4394,4477,5179,5224,6206,6887,7329,7821,8130,8388,8387,8859,9410,9942,10627,11143,11743,12237,12449,12845,12367,12687,13248,13656,14147,15040,14995,13594,15904,16476,16305,16161, 
,Female,101,115,106,131,167,196,196,217,224,262,295,443,435,437,464,495,569,523,548,611,696,788,772,851,854,866,962,1144,1042,1066,1060,1061,1164,1113,1060,1331,1398,1402,1376, 
California,,21325,22632,24569,29202,34640,39373,43197,50158,59484,66975,76171,87297,97309,101808,109496,119951,126091,135646,146049,155790,161904,163067,163001,159444,161361,164487,166556,170676,175512,174282,173670,171275,165062,149569,134534,135981,136085,129593,130390,
,Male,20178,21400,23253,27775,32987,37353,40892,47248,55920,62823,71278,81297,90807,95506,102749,112370,117846,126564,135942,144876,150210,151699,151840,149523,151374,153831,155368,159009,163535,162654,162050,160286,155104,141382,128436,129684,129703,123808,124487, 
,Female,1147,1232,1316,1427,1653,2020,2305,2910,3564,4152,4893,6000,6502,6302,6747,7581,8245,9082,10107,10914,11694,11368,11161,9921,9987,10656,11188,11667,11977,11628,11620,10989,9958,8187,6098,6297,6382,5785,5903, 
Colorado,,2486,2668,2629,2772,3042,3244,3231,3386,3804,4808,5765,6908,7671,8392,8997,9462,10717,11063,12438,13461,14312,15670,16833,17448,18833,19671,20293,21456,22481,22841,23274,22795,22815,21978,20462,20371,20646,20041,19981,
,Male,2419,2587,2560,2691,2923,3108,3091,3238,3627,4565,5488,6513,7238,7939,8470,8920,10047,10350,11593,12512,13242,14457,15500,16073,17267,17935,18393,19336,20179,20506,20980,20694,20763,19957,18739,18556,18738,18199,18078, 
,Female,67,81,69,81,119,136,140,148,177,243,277,395,433,453,527,542,670,713,845,949,1070,1213,1333,1375,1566,1736,1900,2120,2302,2335,2294,2101,2052,2021,1723,1815,1908,1842,1903, 
Connecticut,,3189,4061,4308,5263,5156,5474,5718,6149,6905,7511,8005,9301,10500,10977,11403,13691,14380,14802,16571,17241,17605,18639,18355,19196,20720,19846,19497,19442,20566,20924,20661,19716,19321,18324,17530,17563,16636,15816,14957,
,Male,3044,3919,4102,5011,4952,5193,5431,5826,6510,7059,7455,8654,9817,10317,10693,12697,13381,13827,15191,15840,16248,17180,16949,17749,19026,18298,18009,17953,18972,19428,19159,18381,18075,17090,16312,16328,15510,14695,13892, 
,Female,145,142,206,252,204,281,287,323,395,452,550,647,683,660,710,994,999,975,1380,1401,1357,1459,1406,1447,1694,1548,1488,1489,1594,1496,1502,1335,1246,1234,1218,1235,1126,1121,1065, 
Delaware,,1325,1419,1474,1712,2068,2198,2202,2553,2833,2982,3197,3458,3471,3717,4062,4210,4466,4836,5110,5435,5558,6983,6921,7003,6778,6794,6927,6944,7186,7257,7057,6775,6615,6739,6914,7004,6955,6654,6585,
,Male,1261,1355,1417,1637,1969,2091,2095,2422,2677,2816,3020,3234,3245,3477,3791,3953,4184,4478,4731,5052,5118,6371,6324,6412,6236,6286,6370,6389,6615,6682,6502,6284,6149,6202,6348,6405,6361,6117,6047, 
,Female,64,64,57,75,99,107,107,131,156,166,177,224,226,240,271,257,282,358,379,383,440,612,597,591,542,508,557,555,571,575,555,491,466,537,566,599,594,537,538, 
District of Columbia,,2864,2973,3145,3479,4081,4344,4521,6404,6618,7645,8831,9954,9947,10455,10875,10845,10949,9800,9376,9353,9829,8652,10352,0,0,0,0,0,0,0,0,0,0,0,0,0,0,0,0,
,Male,2784,2899,3075,3363,3902,4117,4315,6176,6369,7295,8459,9367,9341,9701,10155,10158,10262,9306,8915,8946,9470,8376,9996,0,0,0,0,0,0,0,0,0,0,0,0,0,0,0,0, 
,Female,80,74,70,116,179,227,206,228,249,350,372,587,606,754,720,687,687,494,461,407,359,276,356,0,0,0,0,0,0,0,0,0,0,0,0,0,0,0,0, 
Florida,,21436,19748,20735,23589,27830,26334,26914,28600,32237,32445,34732,39999,44387,46533,48302,53048,57163,63879,63763,64626,67224,69596,71319,72404,75210,82012,85533,89768,92969,98219,102388,103915,104306,103055,101930,103028,102870,101424,99974,
,Male,20572,18919,19896,22595,26584,25154,25764,27296,30602,30764,32721,37448,41723,43895,45703,50349,54099,60219,60461,61207,63698,65776,67214,68122,70615,76847,79873,83615,86480,91365,95237,96632,96956,95913,94945,95757,95567,94481,93111, 
,Female,864,829,839,994,1246,1180,1150,1304,1635,1681,2011,2551,2664,2638,2599,2699,3064,3660,3302,3419,3526,3820,4105,4282,4595,5165,5660,6153,6489,6854,7151,7283,7350,7142,6985,7271,7303,6943,6863, 
Georgia,,11317,12106,12178,12444,14405,15358,15404,16262,16922,18575,18787,20885,22411,23743,25290,27783,33425,34266,35139,36505,39262,42091,44232,45937,47445,47208,51104,48749,52792,54256,52719,56986,56432,55944,55457,54004,52949,52193,53627,
,Male,10762,11556,11610,11839,13745,14608,14641,15427,16025,17647,17858,19775,21168,22347,23835,26023,31413,32230,32900,34223,36788,39484,41474,43103,44316,44063,47668,45856,49235,50711,49027,53063,52598,52027,51868,50445,49438,48578,49839, 
,Female,555,550,568,605,660,750,763,835,897,928,929,1110,1243,1396,1455,1760,2012,2036,2239,2282,2474,2607,2758,2834,3129,3145,3436,2893,3557,3545,3692,3923,3834,3917,3589,3559,3511,3615,3788, 
Hawaii,,727,856,985,1207,1461,1700,1965,2111,2180,2264,2300,2459,2533,2700,2926,3129,3333,3560,4011,4978,4924,4903,5053,5431,5423,5828,5960,6146,5967,5978,5955,5891,5912,6037,5831,5632,5866,5879,5602,
,Male,690,809,954,1158,1386,1591,1858,1963,2044,2106,2128,2287,2362,2533,2729,2923,3076,3248,3626,4460,4494,4350,4492,4815,4754,5143,5261,5414,5233,5232,5227,5190,5184,5304,5143,4972,5198,5177,4934, 
,Female,37,47,31,49,75,109,107,148,136,158,172,172,171,167,197,206,257,312,385,518,430,553,561,616,669,685,699,732,734,746,728,701,728,733,688,660,668,702,668, 
Idaho,,802,830,817,957,1044,1187,1253,1344,1448,1435,1581,1850,1961,2143,2256,2606,2811,3328,3832,3911,4083,4842,5535,5984,5746,5737,6375,6818,7124,7319,7290,7400,7431,7739,7985,8242,8117,8052,8252,
,Male,772,796,792,932,1013,1147,1203,1293,1387,1359,1497,1738,1841,2022,2131,2458,2639,3116,3561,3648,3762,4443,5042,5443,5154,5146,5728,6027,6347,6519,6532,6656,6621,6854,6977,7176,7080,7068,7239, 
,Female,30,34,25,25,31,40,50,51,61,76,84,112,120,121,125,148,172,212,271,263,321,399,493,541,592,591,647,791,777,800,758,744,810,885,1008,1066,1037,984,1013, 
Illinois,,11258,11935,11899,14328,14293,15595,17114,18634,19456,19850,21081,24712,27516,29115,31640,34495,36531,37658,38852,40788,43051,44660,45281,44348,42693,43418,44054,44919,45106,45215,45474,45161,48418,48427,49348,48653,48278,46240,43657,
,Male,10918,11469,11553,13870,13806,15038,16479,17961,18692,19071,20182,23693,26333,27858,30184,32807,34718,35462,36603,38358,40405,41858,42432,41601,40173,40718,41304,42194,42386,42391,42753,42571,45496,45562,46599,45737,45390,43565,41044, 
,Female,340,466,346,458,487,557,635,673,764,779,899,1019,1183,1257,1456,1688,1813,2196,2249,2430,2646,2802,2849,2747,2520,2700,2750,2725,2720,2824,2721,2590,2922,2865,2749,2916,2888,2675,2613, 
Indiana,,4923,5667,6683,8022,8790,9296,9328,10056,10175,10827,11406,12341,12736,13719,13945,14470,15014,16125,16960,17903,19197,19309,20125,20966,21611,23069,24008,24455,26091,27132,28322,28808,28028,28906,28831,29913,29271,27355,25546,
,Male,4754,5475,6442,7736,8440,8907,8933,9605,9771,10336,10904,11717,12055,13013,13207,13692,14188,15233,15952,16832,17999,18087,18673,19424,20028,21311,22116,22571,23924,24837,25829,26302,25522,26406,26265,27078,26396,24815,23341, 
,Female,169,192,241,286,350,389,395,451,404,491,502,624,681,706,738,778,826,892,1008,1071,1198,1222,1452,1542,1583,1758,1892,1884,2167,2295,2493,2506,2506,2500,2566,2835,2875,2540,2205, 
Iowa,,1982,2272,2481,2670,2829,2814,2836,2687,2777,2851,3034,3584,3967,4145,4518,4898,5437,5906,6342,6938,7394,7232,7955,7962,8398,8546,8525,8737,8838,8732,8766,8813,9455,9116,8733,8697,8838,8849,9031,
,Male,1909,2176,2388,2556,2708,2700,2733,2577,2653,2729,2894,3405,3755,3949,4275,4617,5086,5481,5872,6410,6903,6693,7363,7327,7695,7830,7768,7937,8049,8015,8017,8090,8675,8378,7949,7983,8086,8041,8210, 
,Female,73,96,93,114,121,114,103,110,124,122,140,179,212,196,243,281,351,425,470,528,491,539,592,635,703,716,757,800,789,717,749,723,780,738,784,714,752,808,821, 
Kansas,,2341,2290,2494,2770,3078,3705,4244,4732,5345,5781,5817,5616,5775,5903,6028,5727,6371,7054,7756,7911,8183,8567,8344,8577,8935,9132,8966,9068,8816,8696,8539,8641,9051,9327,9682,9763,9877,9857,9920,
,Male,2243,2208,2381,2625,2918,3500,4009,4459,5048,5505,5540,5370,5491,5610,5706,5452,6027,6605,7280,7435,7660,7997,7840,8080,8398,8503,8346,8394,8178,8071,7970,8076,8428,8647,8952,9026,9083,9018,9051, 
,Female,98,82,113,145,160,205,235,273,297,276,277,246,284,293,322,275,344,449,476,476,523,570,504,497,537,629,620,674,638,625,569,565,623,680,730,737,794,839,869, 
Kentucky,,3390,3691,3588,3993,4031,4773,4820,4981,5288,6437,7119,8289,9023,9799,10364,10440,11066,12060,12910,14600,14987,15317,14919,15424,15820,16622,17814,19662,20000,22457,21706,21638,20544,21545,22110,21030,21657,21701,23022,
,Male,3279,3550,3463,3863,3872,4581,4617,4768,5067,6144,6771,7842,8544,9286,9819,9895,10429,11326,12090,13548,13941,14220,13858,14286,14551,15211,16254,17658,17942,20016,19436,19343,18406,19091,19425,18717,19084,19114,20080, 
,Female,111,141,125,130,159,192,203,213,221,293,348,447,479,513,545,545,637,734,820,1052,1046,1097,1061,1138,1269,1411,1560,2004,2058,2441,2270,2295,2138,2454,2685,2313,2573,2587,2942, 
Louisiana,,7291,7618,8889,9415,10930,12812,13659,13890,14300,15375,16242,17257,18599,20003,20980,22468,24063,25195,26779,29265,32228,34066,35207,35810,36032,36047,36939,36083,37012,37540,38381,39780,39445,39710,40172,39299,38030,36377,35682,
,Male,7083,7382,8586,9071,10514,12279,13051,13280,13673,14702,15573,16559,17824,19092,19954,21354,22768,23771,25218,27397,30048,31798,32988,33448,33634,33642,34553,33774,34623,35082,35865,37164,37037,37326,37783,37071,35955,34331,33701, 
,Female,208,236,303,344,416,533,608,610,627,673,669,698,775,911,1026,1114,1295,1424,1561,1868,2180,2268,2219,2362,2398,2405,2386,2309,2389,2458,2516,2616,2408,2384,2389,2228,2075,2046,1981, 
Maine,,711,776,814,992,1110,1082,1032,1317,1316,1299,1277,1455,1523,1579,1519,1469,1474,1396,1426,1620,1691,1716,1679,1704,1900,2013,2024,2023,2120,2148,2195,2206,2154,2145,2108,2173,2242,2279,2404,
,Male,695,758,793,966,1080,1049,1005,1285,1289,1270,1241,1409,1479,1517,1459,1419,1426,1360,1378,1558,1621,1651,1613,1645,1810,1889,1899,1894,1975,2009,2039,2048,1988,1981,1944,2013,2063,2072,2169, 
,Female,16,18,21,26,30,33,27,32,27,29,36,46,44,62,60,50,48,36,48,62,70,65,66,59,90,124,125,129,145,139,156,158,166,164,164,160,179,207,235, 
Maryland,,7966,7860,7731,9335,11617,12617,13124,13005,13326,13467,14276,16514,17848,19291,19977,20264,20998,21453,22050,22232,22572,23095,23538,23752,24162,23791,23285,22737,22945,23433,23324,22255,22645,22558,21522,21335,21011,20764,19994,
,Male,7722,7638,7502,9031,11251,12208,12683,12594,12882,13010,13760,15786,16971,18360,19023,19288,19959,20374,20995,21124,21432,21982,22319,22545,22898,22543,22105,21640,21864,22249,22264,21206,21686,21576,20646,20410,20100,19849,19172, 
,Female,244,222,229,304,366,409,441,411,444,457,516,728,877,931,954,976,1039,1079,1055,1108,1140,1113,1219,1207,1264,1248,1180,1097,1081,1184,1060,1049,959,982,876,925,911,915,822, 
Massachusetts,,2806,2924,3185,3889,4334,4482,4883,5390,5636,6268,6757,7524,8345,9415,10053,10229,11293,11687,11796,11947,11799,11356,10722,10588,10329,10232,10144,10701,11032,11436,11408,11316,11313,11623,11308,10950,10713,9922,9403,
,Male,2724,2837,3079,3697,4117,4244,4619,5079,5310,5859,6310,7026,7749,8779,9489,9576,10587,11031,11046,11214,11053,10614,10059,9875,9625,9524,9403,9913,10186,10646,10657,10597,10547,10832,10549,10143,9985,9268,8820, 
,Female,82,87,106,192,217,238,264,311,326,409,447,498,596,636,564,653,706,656,750,733,746,742,663,713,704,708,741,788,846,790,751,719,766,791,759,807,728,654,583, 
Michigan,,14944,15002,15124,15157,14913,14510,14604,17755,20742,23879,27612,31639,34267,36423,39113,39318,40631,41112,42349,44771,45879,46617,47718,48849,50591,49358,48883,49546,51577,50233,48738,45478,44165,42940,43636,43759,43390,42628,41122,
,Male,14323,14374,14490,14527,14289,13850,13921,16941,19724,22696,26279,30053,32579,34689,37271,37520,38610,39270,40429,42715,43827,44590,45587,46700,48324,47160,46770,47435,49407,48153,46781,43723,42296,41031,41647,41700,41267,40355,38880, 
,Female,621,628,634,630,624,660,683,814,1018,1183,1333,1586,1688,1734,1842,1798,2021,1842,1920,2056,2052,2027,2131,2149,2267,2198,2113,2111,2170,2080,1957,1755,1869,1909,1989,2059,2123,2273,2242, 
Minnesota,,1954,2094,2001,1966,2081,2113,2167,2343,2462,2546,2799,3103,3176,3472,3822,4200,4575,4846,5158,5326,5572,5969,6238,6606,7129,7865,8758,9281,9108,9468,9910,9986,9796,9800,9938,10289,10637,10798,10592,
,Male,1878,2017,1936,1910,2008,2046,2088,2252,2365,2431,2671,2944,3017,3299,3634,4008,4338,4629,4924,5068,5284,5614,5870,6223,6674,7430,8214,8677,8546,8866,9240,9312,9158,9156,9228,9566,9901,10027,9818, 
,Female,76,77,65,56,73,67,79,91,97,115,128,159,159,173,188,192,237,217,234,258,288,355,368,383,455,435,544,604,562,602,670,674,638,644,710,723,736,771,774, 
Mississippi,,2896,3508,3902,4624,5484,5586,6115,6392,6747,6880,7384,7911,8375,8904,8905,9907,10930,12684,13859,14296,16678,18247,20241,21460,22705,20589,20983,20515,21068,22431,22754,21482,21067,21386,22319,21969,18793,18911,19192,
,Male,2785,3401,3785,4475,5298,5381,5855,6103,6443,6557,7030,7509,7927,8396,8356,9330,10282,11893,12968,13334,15465,16842,18572,19637,20623,18834,19187,18729,19279,20469,20773,19747,19542,19808,20652,20352,17448,17595,17823, 
,Female,111,107,117,149,186,205,260,289,304,323,354,402,448,508,549,577,648,791,891,962,1213,1405,1669,1823,2082,1755,1796,1786,1789,1962,1981,1735,1525,1578,1667,1617,1345,1316,1369, 
Missouri,,5637,5279,5726,6489,7445,8103,8770,9796,10309,11357,12176,13921,14943,15897,16195,16178,17898,19134,22003,23664,25060,26155,27543,28757,30099,30303,31081,30823,30167,29857,30186,30563,30623,30833,31247,31537,31942,32330,32461,
,Male,5455,5076,5490,6224,7051,7793,8425,9415,9856,10728,11546,13203,14166,15076,15276,15258,16856,17960,20539,22001,23166,24264,25550,26633,27825,28064,28574,28312,27588,27335,27737,28136,28163,28258,28544,28755,28836,29063,29124, 
,Female,182,203,236,265,394,310,345,381,453,629,630,718,777,821,919,920,1042,1174,1464,1663,1894,1891,1993,2124,2274,2239,2507,2511,2579,2522,2449,2427,2460,2575,2703,2782,3106,3267,3337, 
Montana,,690,715,739,831,914,903,964,1129,1111,1207,1272,1328,1425,1478,1548,1541,1764,1999,2230,2541,2734,2951,3105,3328,3323,3620,3164,3509,3563,3431,3517,3605,3716,3678,3609,3642,3699,3685,3814,
,Male,675,695,714,807,885,879,929,1090,1069,1160,1214,1264,1349,1405,1465,1474,1671,1887,2109,2350,2486,2688,2799,2965,2978,3201,2841,3155,3209,3133,3158,3214,3291,3274,3210,3230,3311,3295,3405, 
,Female,15,20,25,24,29,24,35,39,42,47,58,64,76,73,83,67,93,112,121,191,248,263,306,363,345,419,323,354,354,298,359,391,425,404,399,412,388,390,409, 
Nebraska,,1347,1291,1446,1488,1739,1629,1655,1814,2044,2086,2156,2393,2403,2526,2514,2518,2711,3074,3287,3402,3676,3688,3895,3937,4058,4040,4130,4455,4407,4505,4520,4474,4587,4616,4705,5026,5441,5372,5302,
,Male,1264,1228,1390,1426,1658,1571,1582,1744,1959,1991,2059,2250,2258,2357,2341,2349,2535,2863,3062,3180,3427,3437,3629,3595,3706,3717,3761,4032,3994,4106,4130,4108,4176,4247,4352,4656,5001,4943,4878, 
,Female,83,63,56,62,81,58,73,70,85,95,97,143,145,169,173,169,176,211,225,222,249,251,266,342,352,323,369,423,413,399,390,366,411,369,353,370,440,429,424, 
Nevada,,1350,1566,1839,2116,2753,3188,3488,3771,4551,4434,4881,5112,5322,5823,6049,6412,6993,7713,8325,9024,9651,9494,10063,10233,10478,10543,11365,11782,12839,13400,12743,12482,12653,12778,12883,13056,12537,13071,13757,
,Male,1274,1475,1739,2030,2634,3024,3260,3512,4326,4153,4539,4674,4916,5370,5611,5975,6552,7183,7713,8329,8908,8763,9217,9392,9627,9663,10487,10838,11709,12221,11761,11533,11689,11811,11845,11971,11452,11905,12490, 
,Female,76,91,100,86,119,164,228,259,225,281,342,438,406,453,438,437,441,530,612,695,743,731,846,841,851,880,878,944,1130,1179,982,949,964,967,1038,1085,1085,1166,1267, 
New Hampshire,,283,316,326,398,445,479,581,683,782,867,1019,1166,1342,1533,1777,1775,2021,2015,2062,2168,2169,2257,2257,2392,2451,2434,2448,2530,2805,2943,2702,2731,2761,2614,2790,3018,2963,2897,2818,
,Male,277,311,321,391,435,465,567,665,760,849,995,1128,1298,1460,1698,1689,1911,1906,1957,2059,2053,2140,2137,2263,2307,2317,2329,2397,2633,2741,2521,2564,2560,2444,2583,2781,2715,2661,2591, 
,Female,6,5,5,7,10,14,14,18,22,18,24,38,44,73,79,86,110,109,105,109,116,117,120,129,144,117,119,133,172,202,181,167,201,170,207,237,248,236,227, 
New Jersey,,5869,5852,5884,7011,8191,9192,10363,11335,12020,15969,16936,19439,21128,23483,22653,23831,24632,27066,27490,28361,31121,31493,29784,28142,27891,27246,26757,27359,27371,26827,25953,25382,25007,23834,23225,22452,21590,20489,19786,
,Male,5693,5664,5686,6725,7867,8850,9995,10947,11603,15382,16232,18553,20087,22376,21558,22698,23464,25759,26209,26957,29468,29631,28134,26514,26305,25729,25287,25910,25943,25417,24654,24176,23871,22762,22164,21427,20571,19581,18952, 
,Female,176,188,198,286,324,342,368,388,417,587,704,886,1041,1107,1095,1133,1168,1307,1281,1404,1653,1862,1650,1628,1586,1517,1470,1449,1428,1410,1299,1206,1136,1072,1061,1025,1019,908,834, 
New Mexico,,1593,1556,1279,1497,1718,1977,2129,2313,2416,2670,2825,3158,3187,3119,3271,3498,3712,4078,4724,4688,5078,5174,5342,5668,5991,6223,6379,6571,6639,6466,6322,6363,6763,6998,6727,6931,7021,7104,7055,
,Male,1526,1509,1222,1407,1635,1906,2044,2187,2273,2533,2675,2994,2994,2959,3087,3292,3521,3800,4346,4314,4628,4805,4831,5151,5473,5647,5798,5905,5972,5890,5754,5775,6161,6366,6096,6276,6348,6398,6344, 
,Female,67,47,57,90,83,71,85,126,143,137,150,164,193,160,184,206,191,278,378,374,450,369,511,517,518,576,581,666,667,576,568,588,602,632,631,655,673,706,711, 
New York,,20459,20856,21815,25494,27945,30510,33109,34507,38449,40842,44560,51232,54895,57862,61736,64569,66750,68486,69709,69108,72289,72899,70199,67533,67065,65198,63751,62743,63315,62620,60347,58687,56656,55436,54210,53550,52518,51727,50716,
,Male,19899,20259,21202,24728,27127,29679,32091,33422,37123,39355,42800,48767,52204,54494,58237,61041,63175,64871,65981,65539,68686,69279,66919,64400,64069,62284,60962,59941,60456,59866,57760,56198,54438,53124,51963,51193,50192,49373,48442, 
,Female,560,597,613,766,818,831,1018,1085,1326,1487,1760,2465,2691,3368,3499,3528,3575,3615,3728,3569,3603,3620,3280,3133,2996,2914,2789,2802,2859,2754,2587,2489,2218,2312,2247,2357,2326,2354,2274, 
North Carolina,,13252,14255,15513,15770,16569,15395,16371,17344,17698,17218,17078,17454,18411,18903,20454,21892,23648,29253,30647,31612,31961,31086,31266,32253,32832,33560,35434,36365,37460,37970,39482,39860,40382,39440,37136,36922,37096,36617,35697,
,Male,12718,13691,14897,15133,15873,14806,15669,16597,16868,16410,16295,16611,17466,17882,19504,20772,22465,27501,28779,29752,30023,29206,29363,30211,30659,31304,33004,33776,34774,35344,36704,37052,37563,36800,34675,34430,34455,33928,32985, 
,Female,534,564,616,637,696,589,702,747,830,808,783,843,945,1021,950,1120,1183,1752,1868,1860,1938,1880,1903,2042,2173,2256,2430,2589,2686,2626,2778,2808,2819,2640,2461,2492,2641,2689,2712, 
North Dakota,,200,186,253,280,322,410,432,422,421,430,466,451,483,492,477,498,536,608,722,797,915,943,1076,1111,1112,1239,1327,1385,1363,1416,1452,1486,1487,1423,1512,1576,1718,1795,1791,
,Male,196,184,251,277,312,400,420,413,410,423,458,430,463,461,463,477,520,579,677,735,846,873,1008,1010,1009,1126,1198,1230,1206,1269,1292,1312,1308,1276,1341,1419,1514,1587,1578, 
,Female,4,2,2,3,10,10,12,9,11,7,8,21,20,31,14,21,16,29,45,62,69,70,68,101,103,113,129,155,157,147,160,174,179,147,171,157,204,208,213, 
Ohio,,13107,13360,13489,14968,17317,18007,18619,20864,22463,24240,26462,30538,31822,35744,38378,40641,41908,44663,46174,48016,48450,46842,45833,45281,45646,44778,44806,45854,49166,50731,51686,51606,51712,50964,50876,51729,51519,52233,52175,
,Male,12569,12762,12857,14205,16417,17030,17601,19711,21250,22945,24885,28543,29875,33451,35959,38057,39313,41870,43369,45174,45538,44001,43025,42452,42717,41881,41621,42594,45465,46909,47773,47617,47720,47061,47008,47579,47311,47803,47581, 
,Female,538,598,632,763,900,977,1018,1153,1213,1295,1577,1995,1947,2293,2419,2584,2595,2793,2805,2842,2912,2841,2808,2829,2929,2897,3185,3260,3701,3822,3913,3989,3992,3903,3868,4150,4208,4430,4594, 
Oklahoma,,4186,4250,4796,5281,6500,7480,7872,8330,9708,9639,10448,11608,12285,13340,14821,16409,16631,18151,19593,20542,20892,22393,23181,22780,22802,22821,24508,24826,24288,24603,24660,24803,26252,25977,25225,27547,27650,28547,26871,
,Male,4010,4073,4549,5006,6174,7031,7400,7823,9021,8945,9717,10633,11214,12104,13421,14827,15024,16336,17653,18489,18801,20077,20787,20490,20464,20501,22024,22371,21886,22141,22165,22230,23703,23558,22728,24769,24799,25489,23834, 
,Female,176,177,247,275,326,449,472,507,687,694,731,975,1071,1236,1400,1582,1607,1815,1940,2053,2091,2316,2394,2290,2338,2320,2484,2455,2402,2462,2495,2573,2549,2419,2497,2778,2851,3058,3037, 
Oregon,,2879,3179,3177,3295,3900,3952,4224,4376,4770,5457,5991,6156,6492,6732,6583,6557,6936,7886,8661,7999,9034,9860,10580,11410,12085,12715,13183,13411,13707,13948,14167,14403,14876,14510,14840,15517,15075,15245,15166,
,Male,2757,3059,3077,3192,3760,3807,4054,4188,4532,5152,5644,5816,6130,6323,6244,6217,6557,7421,8090,7549,8509,9276,9984,10749,11273,11832,12198,12396,12687,12888,13058,13278,13745,13387,13609,14212,13799,13938,13862, 
,Female,122,120,100,103,140,145,170,188,238,305,347,340,362,409,339,340,379,465,571,450,525,584,596,661,812,883,985,1015,1020,1060,1109,1125,1131,1123,1231,1305,1276,1307,1304, 
Pennsylvania,,7814,7772,8171,9365,10508,11767,13090,14227,15201,16267,17900,20469,22290,23388,24974,26050,28302,32416,34537,34964,36377,36525,36847,38062,40168,40890,40963,42380,44397,45969,49215,51429,51264,51578,51125,51422,50694,49858,49244,
,Male,7585,7524,7899,9053,10180,11370,12615,13727,14610,15588,17133,19525,21284,22300,23868,24856,26980,30914,33060,33540,34860,34907,35268,36351,38347,39067,39136,40351,42148,43506,46451,48601,48552,48795,48380,48760,47936,47039,46381, 
,Female,229,248,272,312,328,397,475,500,591,679,767,944,1006,1088,1106,1194,1322,1502,1477,1424,1517,1618,1579,1711,1821,1823,1827,2029,2249,2463,2764,2828,2712,2783,2745,2662,2758,2819,2863, 
Rhode Island,,664,738,813,962,1037,1157,1221,1306,1358,1428,1906,2479,2392,2771,2775,2783,2919,2902,3271,3371,3445,3003,3286,3241,3520,3527,3430,3654,3996,4018,4045,3674,3357,3337,3318,3361,3359,3248,3103,
,Male,648,721,787,937,1013,1120,1188,1267,1312,1348,1782,2274,2226,2576,2594,2628,2767,2745,3042,3158,3210,2815,3048,3048,3306,3305,3222,3423,3716,3736,3802,3444,3139,3158,3128,3169,3201,3102,2927, 
,Female,16,17,26,25,24,37,33,39,46,80,124,205,166,195,181,155,152,157,229,213,235,188,238,193,214,222,208,231,280,282,243,230,218,179,190,192,158,146,176, 
South Carolina,,7536,7643,7862,8538,9137,9576,9892,10510,11676,12664,13888,15720,17319,18269,18643,18704,18999,19611,20446,21173,21764,22008,21778,22576,23715,23719,23428,23160,23616,24239,24326,24288,23578,22914,22388,22060,21401,20929,20858,
,Male,7234,7327,7535,8177,8732,9150,9455,10009,11075,12003,13089,14791,16266,17224,17516,17599,17977,18566,19244,19871,20381,20561,20358,21067,22044,22143,21866,21646,22013,22635,22693,22771,22105,21528,21051,20669,20032,19574,19384, 
,Female,302,316,327,361,405,426,437,501,601,661,799,929,1053,1045,1127,1105,1022,1045,1202,1302,1383,1447,1420,1509,1671,1576,1562,1514,1603,1604,1633,1517,1473,1386,1337,1391,1369,1355,1474, 
South Dakota,,532,562,635,693,791,826,921,1049,1081,1133,1020,1256,1341,1374,1487,1553,1708,1871,2063,2242,2422,2506,2616,2790,2918,3026,3095,3463,3359,3311,3342,3434,3434,3535,3650,3682,3608,3564,3831,
,Male,514,538,617,664,748,785,889,1008,1032,1080,974,1175,1264,1294,1408,1465,1605,1737,1922,2073,2219,2317,2416,2570,2691,2757,2803,3107,3009,2942,2987,3054,3023,3094,3227,3240,3199,3148,3333, 
,Female,18,24,18,29,43,41,32,41,49,53,46,81,77,80,79,88,103,134,141,169,203,189,200,220,227,269,292,356,350,369,355,380,411,441,423,442,409,416,498, 
Tennessee,,5835,6629,7022,7897,7869,8201,7307,7127,7591,7639,7732,10630,10388,11474,11849,12824,14401,15206,15626,16659,21438,22502,22166,23671,24989,25403,25884,26369,25745,26267,27228,26965,27451,28479,28411,28521,28769,28172,28203,
,Male,5574,6346,6686,7502,7489,7803,6993,6825,7178,7249,7330,10159,9998,11015,11321,12316,13814,14569,14938,15861,20178,21134,20797,22203,23254,23577,23979,24347,23787,24344,25099,24956,25345,26070,26048,26069,26160,25532,25481, 
,Female,261,283,336,395,380,398,314,302,413,390,402,471,390,459,528,508,587,637,688,798,1260,1368,1369,1468,1735,1826,1905,2022,1958,1923,2129,2009,2106,2409,2363,2452,2609,2640,2722, 
Texas,,24575,26522,29892,31502,36149,35259,36682,37532,38534,38821,40437,44022,50042,51677,60467,92013,118195,127766,132383,140351,144510,163190,166719,162070,162003,166911,168105,169003,172116,171790,172506,171249,173649,172224,166372,168280,166043,163909,163703,
,Male,23570,25355,28671,30050,34472,33789,34987,35938,36789,37279,38789,41953,47846,49186,58056,85064,109356,119831,122450,130051,134178,150688,153097,149701,148952,153424,154147,155497,158317,157859,158653,157679,159298,158036,152823,154450,151717,149501,149368, 
,Female,1005,1167,1221,1452,1677,1470,1695,1594,1745,1542,1648,2069,2196,2491,2411,6949,8839,7935,9933,10300,10332,12502,13622,12369,13051,13487,13958,13506,13799,13931,13853,13570,14351,14188,13549,13830,14326,14408,14335, 
Utah,,911,960,932,1140,1216,1274,1504,1633,1776,1853,1961,2394,2496,2625,2699,2888,3045,3471,4002,4301,4907,5322,5637,5339,5562,5763,5991,6382,6433,6515,6552,6538,6807,6879,6962,7077,7031,6495,6182,
,Male,875,926,905,1099,1169,1223,1456,1570,1704,1778,1872,2285,2371,2505,2575,2765,2914,3310,3791,4088,4590,4967,5256,5024,5191,5336,5480,5807,5810,5883,5912,5956,6199,6266,6323,6415,6369,5980,5777, 
,Female,36,34,27,41,47,51,48,63,72,75,89,109,125,120,124,123,131,161,211,213,317,355,381,315,371,427,511,575,623,632,640,582,608,613,639,662,662,515,405, 
Vermont,,441,431,480,534,599,497,501,677,697,759,820,905,1049,1118,1254,1223,1301,1279,1119,1270,1473,1536,1697,1741,1863,1944,1968,2078,2215,2116,2116,2220,2079,2053,2034,2078,1979,1750,1735,
,Male,430,420,464,519,582,488,488,660,686,745,792,869,1013,1081,1208,1175,1252,1235,1087,1217,1421,1477,1617,1646,1731,1809,1825,1926,2058,1998,1998,2065,1930,1905,1907,1924,1823,1600,1600, 
,Female,11,11,16,15,17,9,13,17,11,14,28,36,36,37,46,48,49,44,32,53,52,59,80,95,132,135,143,152,157,118,118,155,149,148,127,154,156,150,135, 
Virginia,,8344,8449,8920,9388,10079,10093,10839,12073,12930,13321,14184,16477,17593,19829,21199,22850,26968,27415,27655,28385,30276,29789,30168,31662,34973,35067,35564,35344,36688,37984,38216,38059,37638,38130,37044,36982,37544,38403,37813,
,Male,7985,8148,8617,9040,9715,9712,10406,11604,12442,12822,13596,15683,16666,18789,20036,21631,25403,25756,25968,26675,28419,27778,28109,29422,32332,32386,32858,32676,33795,35055,35249,35156,34790,35321,34150,34133,34529,35167,34704, 
,Female,359,301,303,348,364,381,433,469,488,499,588,794,927,1040,1163,1219,1565,1659,1687,1710,1857,2011,2059,2240,2641,2681,2706,2668,2893,2929,2967,2903,2848,2809,2894,2849,3015,3236,3109, 
Washington,,4487,4342,4399,5336,6264,6658,6821,6919,6603,6131,5816,6928,7995,9156,9959,10419,10833,11608,12527,13214,14161,14590,14915,15159,16062,16148,16614,17382,17561,17772,17926,18233,18235,17847,17271,17984,18120,18284,19104,
,Male,4251,4137,4209,5124,6018,6416,6567,6689,6381,5911,5567,6597,7560,8617,9341,9753,10135,10815,11607,12290,13143,13479,13850,14080,14808,14860,15284,15927,16065,16258,16522,16836,16808,16452,15934,16535,16666,16829,17446, 
,Female,236,205,190,212,246,242,254,230,222,220,249,331,435,539,618,666,698,793,920,924,1018,1111,1065,1079,1254,1288,1330,1455,1496,1514,1404,1397,1427,1395,1337,1449,1454,1455,1658, 
West Virginia,,1237,1251,1257,1565,1547,1611,1579,1725,1472,1449,1455,1536,1565,1502,1674,1805,2332,2512,2749,3148,3478,3532,3856,4215,4544,4758,5067,5312,5733,6056,6059,6367,6681,6826,7070,6824,6896,7118,7162,
,Male,1208,1218,1227,1528,1500,1553,1528,1658,1405,1380,1389,1463,1489,1432,1594,1726,2241,2383,2600,2962,3267,3293,3553,3869,4182,4353,4608,4832,5159,5422,5411,5683,5956,6074,6265,6016,6065,6253,6286, 
,Female,29,33,30,37,47,58,51,67,67,69,66,73,76,70,80,79,91,129,149,186,211,239,303,346,362,405,459,480,574,634,648,684,725,752,805,808,831,865,876, 
Wisconsin,,3432,3677,3980,4385,4714,4845,4974,5425,5736,6143,6353,6788,7465,7854,8191,8781,10022,11199,12991,16280,18403,20390,20754,21495,22113,22604,22959,22697,23415,23743,23379,23165,22729,22657,22600,22471,22597,22975,23377,
,Male,3285,3532,3826,4216,4517,4632,4747,5174,5451,5844,6071,6485,7117,7506,7855,8394,9610,10697,12346,15292,17235,19007,19387,20192,20757,21199,21572,21348,21991,22216,22022,21859,21465,21472,21375,21232,21219,21567,21889, 
,Female,147,145,154,169,197,213,227,251,285,299,282,303,348,348,336,387,412,502,645,988,1168,1383,1367,1303,1356,1405,1387,1349,1424,1527,1357,1306,1264,1185,1225,1239,1378,1408,1488, 
Wyoming,,433,504,534,556,702,721,724,762,861,916,945,1026,1110,1099,1063,1129,1217,1395,1477,1549,1571,1710,1680,1684,1737,1872,1980,2047,2114,2084,2084,2075,2112,2183,2204,2310,2383,2424,2374,
,Male,414,474,505,532,674,688,685,716,810,870,880,943,1022,1042,999,1063,1135,1289,1365,1413,1440,1571,1524,1549,1570,1697,1770,1825,1871,1838,1876,1861,1881,1944,1966,2050,2106,2157,2088, 
,Female,19,30,29,24,28,33,39,46,51,46,65,83,88,57,64,66,82,106,112,136,131,139,156,135,167,175,210,222,243,246,208,214,231,239,238,260,277,267,286, 
